url_path,views_total,views_unique
/l3af-project/eBPF-Package-Repository,61,24
/l3af-project/eBPF-Package-Repository/tree/main/ratelimiting,57,14
/l3af-project/eBPF-Package-Repository/tree/main/traffic-mirroring,54,14
/l3af-project/eBPF-Package-Repository/blob/main/ratelimiting/ratelimiting_user.c,26,10
/l3af-project/eBPF-Package-Repository/pulls,22,8
/l3af-project/eBPF-Package-Repository/tree/main/xdp-root,18,3
/l3af-project/eBPF-Package-Repository/blob/main/traffic-mirroring/mirroring_egress_kern.c,16,3
/l3af-project/eBPF-Package-Repository/blob/main/traffic-mirroring/mirroring.c,13,6
/l3af-project/eBPF-Package-Repository/tree/main/connection-limit,11,3
/l3af-project/eBPF-Package-Repository/blob/94f79e499921d62e2fbc6f0d5a8049b3c2fc93ec/connection-limit/connection_limit_user.c,11,1
